sample	group	cellbender_version	epochs	expected-cells	learning-rate	low-count-threshold	posterior-batch-size	total-droplets-included	z-dim
A1	CHOW	0.3.0	100	20000	1e-4	10	64	40000	50
A2	CHOW	0.3.0	100	18000	1e-4	10	64	40000	50
A3	CHOW	0.3.0	100	16000	1e-4	10	64	40000	50
B1	MASH	0.3.0	100	20000	1e-4	10	64	40000	50
B2	MASH	0.3.0	100	22000	1e-4	10	64	40000	50
B3	MASH	0.3.0	100	14500	1e-4	10	64	40000	50
D1	MASH_antiSPP1	0.3.0	100	16000	1e-4	10	64	40000	50
D2	MASH_antiSPP1	0.3.0	100	12300	1e-4	10	64	40000	50
D3	MASH_antiSPP1	0.3.0	100	14500	1e-4	10	64	40000	50
F1	MASH_SPP1_KO	0.3.0	100	15000	1e-4	10	64	40000	50
F3	MASH_SPP1_KO	0.3.0	100	13600	1e-4	10	64	40000	50
G1	MASH_flox	0.3.0	100	11500	1e-4	10	64	40000	50
G2	MASH_flox	0.3.0	100	16500	1e-4	10	64	40000	50
